{"eval_loss": 1.4767781496047974, "eval_accuracy": 0.6499999761581421, "eval_runtime": 0.5376, "eval_samples_per_second": 148.8, "eval_steps_per_second": 18.6}