{"eval_loss": 1.1007615327835083, "eval_accuracy": 0.6585366129875183, "eval_runtime": 0.3957, "eval_samples_per_second": 103.62, "eval_steps_per_second": 15.164}