{"eval_loss": 1.1053860187530518, "eval_accuracy": 0.6086956262588501, "eval_runtime": 0.3296, "eval_samples_per_second": 69.783, "eval_steps_per_second": 9.102}