{"eval_loss": 1.300896406173706, "eval_accuracy": 0.5833333134651184, "eval_runtime": 0.4568, "eval_samples_per_second": 131.361, "eval_steps_per_second": 17.515}