{"eval_loss": 0.7650180459022522, "eval_accuracy": 0.7777777910232544, "eval_runtime": 0.3432, "eval_samples_per_second": 78.676, "eval_steps_per_second": 11.656}