{"eval_loss": 0.11973486840724945, "eval_accuracy": 0.9750000238418579, "eval_runtime": 0.3861, "eval_samples_per_second": 103.589, "eval_steps_per_second": 12.949}