{"eval_loss": 0.5253652334213257, "eval_accuracy": 0.8500000238418579, "eval_runtime": 0.6661, "eval_samples_per_second": 180.166, "eval_steps_per_second": 22.521}