{"eval_loss": 1.2053985595703125, "eval_accuracy": 0.6847826242446899, "eval_runtime": 0.572, "eval_samples_per_second": 160.837, "eval_steps_per_second": 20.979}