{"eval_loss": 0.08617821335792542, "eval_accuracy": 0.981249988079071, "eval_runtime": 0.8, "eval_samples_per_second": 200.003, "eval_steps_per_second": 25.0}