{"eval_loss": 0.8897626399993896, "eval_accuracy": 0.7037037014961243, "eval_runtime": 0.3503, "eval_samples_per_second": 77.067, "eval_steps_per_second": 11.417}