{"eval_loss": 1.0288615226745605, "eval_accuracy": 0.7666666507720947, "eval_runtime": 0.4591, "eval_samples_per_second": 130.697, "eval_steps_per_second": 17.426}