{"eval_loss": 1.3086017370224, "eval_accuracy": 0.6399999856948853, "eval_runtime": 0.5977, "eval_samples_per_second": 167.294, "eval_steps_per_second": 21.748}