{"eval_loss": 0.4705614447593689, "eval_accuracy": 0.8706563711166382, "eval_runtime": 35.3377, "eval_samples_per_second": 278.513, "eval_steps_per_second": 34.835}