{"eval_loss": 0.4688570201396942, "eval_accuracy": 0.8428571224212646, "eval_runtime": 0.7428, "eval_samples_per_second": 188.478, "eval_steps_per_second": 24.233}