{"eval_loss": 1.4194564819335938, "eval_accuracy": 0.6521739363670349, "eval_runtime": 0.4933, "eval_samples_per_second": 139.875, "eval_steps_per_second": 18.245}