{"eval_loss": 0.8350791931152344, "eval_accuracy": 0.761904776096344, "eval_runtime": 0.3386, "eval_samples_per_second": 62.02, "eval_steps_per_second": 8.86}