{"eval_loss": 0.457398384809494, "eval_accuracy": 0.8428571224212646, "eval_runtime": 0.7365, "eval_samples_per_second": 190.089, "eval_steps_per_second": 24.44}