{"eval_loss": 1.3452785015106201, "eval_accuracy": 0.6176470518112183, "eval_runtime": 0.3664, "eval_samples_per_second": 92.8, "eval_steps_per_second": 13.647}