{"eval_loss": 1.4453355073928833, "eval_accuracy": 0.6666666865348816, "eval_runtime": 0.9269, "eval_samples_per_second": 194.192, "eval_steps_per_second": 24.813}