{"eval_loss": 1.1404463052749634, "eval_accuracy": 0.6642857193946838, "eval_runtime": 0.7771, "eval_samples_per_second": 180.16, "eval_steps_per_second": 23.163}