{"eval_loss": 0.9656616449356079, "eval_accuracy": 0.7241379022598267, "eval_runtime": 0.4535, "eval_samples_per_second": 127.903, "eval_steps_per_second": 17.642}