{"eval_loss": 0.5223897695541382, "eval_accuracy": 0.8673033714294434, "eval_runtime": 35.3967, "eval_samples_per_second": 278.048, "eval_steps_per_second": 34.777}