{"eval_loss": 1.2652944326400757, "eval_accuracy": 0.5588235259056091, "eval_runtime": 0.3802, "eval_samples_per_second": 89.431, "eval_steps_per_second": 13.152}