{"eval_loss": 1.4790761470794678, "eval_accuracy": 0.6277777552604675, "eval_runtime": 0.8877, "eval_samples_per_second": 202.761, "eval_steps_per_second": 25.908}