{"eval_loss": 1.0066413879394531, "eval_accuracy": 0.675000011920929, "eval_runtime": 0.3866, "eval_samples_per_second": 103.477, "eval_steps_per_second": 12.935}