{"eval_loss": 1.2528265714645386, "eval_accuracy": 0.668749988079071, "eval_runtime": 0.833, "eval_samples_per_second": 192.08, "eval_steps_per_second": 24.01}