{"eval_loss": 1.3774489164352417, "eval_accuracy": 0.6899999976158142, "eval_runtime": 0.6475, "eval_samples_per_second": 154.442, "eval_steps_per_second": 20.078}