{"eval_loss": 1.5728750228881836, "eval_accuracy": 0.637499988079071, "eval_runtime": 0.5835, "eval_samples_per_second": 137.104, "eval_steps_per_second": 17.138}