{"eval_loss": 0.3954349756240845, "eval_accuracy": 0.8725868463516235, "eval_runtime": 35.2812, "eval_samples_per_second": 278.959, "eval_steps_per_second": 34.891}