{"eval_loss": 1.7674167156219482, "eval_accuracy": 0.6000000238418579, "eval_runtime": 0.3835, "eval_samples_per_second": 104.294, "eval_steps_per_second": 13.037}