{"eval_loss": 1.08429753780365, "eval_accuracy": 0.7166666388511658, "eval_runtime": 0.4621, "eval_samples_per_second": 129.83, "eval_steps_per_second": 17.311}