{"eval_loss": 0.3659142851829529, "eval_accuracy": 0.8762446641921997, "eval_runtime": 35.2938, "eval_samples_per_second": 278.859, "eval_steps_per_second": 34.879}