{"eval_loss": 0.9075736999511719, "eval_accuracy": 0.675000011920929, "eval_runtime": 0.3913, "eval_samples_per_second": 102.222, "eval_steps_per_second": 12.778}