{"eval_loss": 1.190779447555542, "eval_accuracy": 0.6382978558540344, "eval_runtime": 0.4185, "eval_samples_per_second": 112.31, "eval_steps_per_second": 14.337}