{"eval_loss": 1.677431583404541, "eval_accuracy": 0.6666666865348816, "eval_runtime": 0.5948, "eval_samples_per_second": 151.32, "eval_steps_per_second": 20.176}