{"eval_loss": 1.2396745681762695, "eval_accuracy": 0.6964285969734192, "eval_runtime": 0.4408, "eval_samples_per_second": 127.03, "eval_steps_per_second": 15.879}