{"eval_loss": 0.3462916910648346, "eval_accuracy": 0.8846153616905212, "eval_runtime": 0.3395, "eval_samples_per_second": 76.593, "eval_steps_per_second": 11.784}