{"eval_loss": 1.2370543479919434, "eval_accuracy": 0.6000000238418579, "eval_runtime": 0.4103, "eval_samples_per_second": 97.49, "eval_steps_per_second": 12.186}