{"eval_loss": 1.0543636083602905, "eval_accuracy": 0.6190476417541504, "eval_runtime": 0.3467, "eval_samples_per_second": 60.569, "eval_steps_per_second": 8.653}