{"eval_loss": 1.1209256649017334, "eval_accuracy": 0.6190476417541504, "eval_runtime": 0.327, "eval_samples_per_second": 64.227, "eval_steps_per_second": 9.175}