{"eval_loss": 1.2986253499984741, "eval_accuracy": 0.6888889074325562, "eval_runtime": 0.9165, "eval_samples_per_second": 196.393, "eval_steps_per_second": 25.095}