{"eval_loss": 1.1519315242767334, "eval_accuracy": 0.6700000166893005, "eval_runtime": 0.6292, "eval_samples_per_second": 158.927, "eval_steps_per_second": 20.661}