{"eval_loss": 1.2386806011199951, "eval_accuracy": 0.6626505851745605, "eval_runtime": 0.5425, "eval_samples_per_second": 153.005, "eval_steps_per_second": 20.278}