{"eval_loss": 0.4656636416912079, "eval_accuracy": 0.8735013008117676, "eval_runtime": 35.3573, "eval_samples_per_second": 278.358, "eval_steps_per_second": 34.816}