{"eval_loss": 0.36067137122154236, "eval_accuracy": 0.8761430382728577, "eval_runtime": 35.3545, "eval_samples_per_second": 278.381, "eval_steps_per_second": 34.819}