{"eval_loss": 1.4164347648620605, "eval_accuracy": 0.6428571343421936, "eval_runtime": 0.7461, "eval_samples_per_second": 187.651, "eval_steps_per_second": 24.127}