{"eval_loss": 0.4390815198421478, "eval_accuracy": 0.8374999761581421, "eval_runtime": 0.8209, "eval_samples_per_second": 194.907, "eval_steps_per_second": 24.363}