{"eval_loss": 1.2461798191070557, "eval_accuracy": 0.6499999761581421, "eval_runtime": 0.5999, "eval_samples_per_second": 166.697, "eval_steps_per_second": 21.671}