{"eval_loss": 1.0199617147445679, "eval_accuracy": 0.7250000238418579, "eval_runtime": 0.6933, "eval_samples_per_second": 173.076, "eval_steps_per_second": 21.634}