{"eval_loss": 0.5579079985618591, "eval_accuracy": 0.7875000238418579, "eval_runtime": 0.5335, "eval_samples_per_second": 149.953, "eval_steps_per_second": 18.744}