{"eval_loss": 0.896926999092102, "eval_accuracy": 0.7323943376541138, "eval_runtime": 0.4977, "eval_samples_per_second": 142.653, "eval_steps_per_second": 18.083}