{"eval_loss": 0.12326551973819733, "eval_accuracy": 0.956250011920929, "eval_runtime": 0.8356, "eval_samples_per_second": 191.473, "eval_steps_per_second": 23.934}