{"eval_loss": 1.2737561464309692, "eval_accuracy": 0.6600000262260437, "eval_runtime": 0.6007, "eval_samples_per_second": 166.46, "eval_steps_per_second": 21.64}