{"eval_loss": 1.378674864768982, "eval_accuracy": 0.644444465637207, "eval_runtime": 0.8892, "eval_samples_per_second": 202.43, "eval_steps_per_second": 25.866}