{"eval_loss": 1.2148610353469849, "eval_accuracy": 0.6833333373069763, "eval_runtime": 0.7014, "eval_samples_per_second": 171.088, "eval_steps_per_second": 21.386}