{"eval_loss": 0.9363623261451721, "eval_accuracy": 0.7368420958518982, "eval_runtime": 0.4775, "eval_samples_per_second": 119.379, "eval_steps_per_second": 16.755}