{"eval_loss": 0.40338271856307983, "eval_accuracy": 0.8800040483474731, "eval_runtime": 35.1546, "eval_samples_per_second": 279.963, "eval_steps_per_second": 35.017}