{"eval_loss": 0.13647304475307465, "eval_accuracy": 0.9666666388511658, "eval_runtime": 0.4745, "eval_samples_per_second": 126.457, "eval_steps_per_second": 16.861}