{"eval_loss": 1.662610411643982, "eval_accuracy": 0.6000000238418579, "eval_runtime": 0.6755, "eval_samples_per_second": 177.634, "eval_steps_per_second": 22.204}