{"eval_loss": 1.2219572067260742, "eval_accuracy": 0.5714285969734192, "eval_runtime": 0.328, "eval_samples_per_second": 64.023, "eval_steps_per_second": 9.146}