{"eval_loss": 1.3464266061782837, "eval_accuracy": 0.6499999761581421, "eval_runtime": 0.7742, "eval_samples_per_second": 180.821, "eval_steps_per_second": 23.248}