{"eval_loss": 0.37536168098449707, "eval_accuracy": 0.8817313313484192, "eval_runtime": 35.2087, "eval_samples_per_second": 279.533, "eval_steps_per_second": 34.963}