{"eval_loss": 1.4111422300338745, "eval_accuracy": 0.6307692527770996, "eval_runtime": 0.4848, "eval_samples_per_second": 134.08, "eval_steps_per_second": 18.565}