{"eval_loss": 1.36879301071167, "eval_accuracy": 0.6800000071525574, "eval_runtime": 0.6334, "eval_samples_per_second": 157.874, "eval_steps_per_second": 20.524}