{"eval_loss": 0.0671926736831665, "eval_accuracy": 0.9785714149475098, "eval_runtime": 0.7437, "eval_samples_per_second": 188.248, "eval_steps_per_second": 24.203}