{"eval_loss": 0.3696094751358032, "eval_accuracy": 0.8789880275726318, "eval_runtime": 35.2934, "eval_samples_per_second": 278.862, "eval_steps_per_second": 34.879}