{"eval_loss": 1.3769121170043945, "eval_accuracy": 0.675000011920929, "eval_runtime": 0.3844, "eval_samples_per_second": 104.066, "eval_steps_per_second": 13.008}