{"eval_loss": 1.4021052122116089, "eval_accuracy": 0.6666666865348816, "eval_runtime": 0.4623, "eval_samples_per_second": 129.788, "eval_steps_per_second": 17.305}