{"eval_loss": 1.3737943172454834, "eval_accuracy": 0.6111111044883728, "eval_runtime": 0.3175, "eval_samples_per_second": 56.684, "eval_steps_per_second": 9.447}