{"eval_loss": 0.46029898524284363, "eval_accuracy": 0.8399999737739563, "eval_runtime": 0.6362, "eval_samples_per_second": 157.172, "eval_steps_per_second": 20.432}