{"eval_loss": 1.4893739223480225, "eval_accuracy": 0.6399999856948853, "eval_runtime": 0.6233, "eval_samples_per_second": 160.435, "eval_steps_per_second": 20.857}