{"eval_loss": 1.2818338871002197, "eval_accuracy": 0.6666666865348816, "eval_runtime": 0.4328, "eval_samples_per_second": 117.839, "eval_steps_per_second": 16.174}