{"eval_loss": 0.4046548008918762, "eval_accuracy": 0.8803088665008545, "eval_runtime": 35.15, "eval_samples_per_second": 280.0, "eval_steps_per_second": 35.021}