{"eval_loss": 0.8426287770271301, "eval_accuracy": 0.7428571581840515, "eval_runtime": 0.7586, "eval_samples_per_second": 184.548, "eval_steps_per_second": 23.728}