{"eval_loss": 1.4321478605270386, "eval_accuracy": 0.637499988079071, "eval_runtime": 0.5245, "eval_samples_per_second": 152.523, "eval_steps_per_second": 19.065}