{"eval_loss": 0.5216948986053467, "eval_accuracy": 0.863645613193512, "eval_runtime": 35.4039, "eval_samples_per_second": 277.992, "eval_steps_per_second": 34.77}