{"eval_loss": 0.38845065236091614, "eval_accuracy": 0.8793944120407104, "eval_runtime": 35.2187, "eval_samples_per_second": 279.454, "eval_steps_per_second": 34.953}