{"eval_loss": 1.139159083366394, "eval_accuracy": 0.6571428775787354, "eval_runtime": 0.7577, "eval_samples_per_second": 184.778, "eval_steps_per_second": 23.757}