{"eval_loss": 1.2658013105392456, "eval_accuracy": 0.6499999761581421, "eval_runtime": 0.5326, "eval_samples_per_second": 150.209, "eval_steps_per_second": 18.776}