{"eval_loss": 0.4876953363418579, "eval_accuracy": 0.8754318356513977, "eval_runtime": 35.2894, "eval_samples_per_second": 278.894, "eval_steps_per_second": 34.883}