{"eval_loss": 0.37582841515541077, "eval_accuracy": 0.8751270174980164, "eval_runtime": 35.3801, "eval_samples_per_second": 278.179, "eval_steps_per_second": 34.794}