{"eval_loss": 0.1072213277220726, "eval_accuracy": 0.9714285731315613, "eval_runtime": 0.7555, "eval_samples_per_second": 185.318, "eval_steps_per_second": 23.827}