{"eval_loss": 1.0777099132537842, "eval_accuracy": 0.7250000238418579, "eval_runtime": 0.3994, "eval_samples_per_second": 100.147, "eval_steps_per_second": 12.518}