{"eval_loss": 0.11236776411533356, "eval_accuracy": 0.9599999785423279, "eval_runtime": 0.6033, "eval_samples_per_second": 165.748, "eval_steps_per_second": 21.547}