{"eval_loss": 0.39115023612976074, "eval_accuracy": 0.8714285492897034, "eval_runtime": 0.7977, "eval_samples_per_second": 175.502, "eval_steps_per_second": 22.565}