{"eval_loss": 1.6064306497573853, "eval_accuracy": 0.6000000238418579, "eval_runtime": 0.6034, "eval_samples_per_second": 165.741, "eval_steps_per_second": 21.546}