{"eval_loss": 0.08617821335792542, "eval_accuracy": 0.981249988079071, "eval_runtime": 0.8397, "eval_samples_per_second": 190.541, "eval_steps_per_second": 23.818}