{"eval_loss": 0.502531111240387, "eval_accuracy": 0.8714691996574402, "eval_runtime": 35.252, "eval_samples_per_second": 279.189, "eval_steps_per_second": 34.92}