{"eval_loss": 0.4907945394515991, "eval_accuracy": 0.8676081895828247, "eval_runtime": 35.3641, "eval_samples_per_second": 278.305, "eval_steps_per_second": 34.809}