{"eval_loss": 1.1226584911346436, "eval_accuracy": 0.6700000166893005, "eval_runtime": 0.6057, "eval_samples_per_second": 165.096, "eval_steps_per_second": 21.462}