{"eval_loss": 0.4729503393173218, "eval_accuracy": 0.8761430382728577, "eval_runtime": 35.3192, "eval_samples_per_second": 278.659, "eval_steps_per_second": 34.854}