{"eval_loss": 0.3768416941165924, "eval_accuracy": 0.8737045526504517, "eval_runtime": 35.3647, "eval_samples_per_second": 278.3, "eval_steps_per_second": 34.809}