{"eval_loss": 0.8610321283340454, "eval_accuracy": 0.699999988079071, "eval_runtime": 0.4709, "eval_samples_per_second": 127.412, "eval_steps_per_second": 16.988}