{"eval_loss": 0.744932234287262, "eval_accuracy": 0.739130437374115, "eval_runtime": 0.3253, "eval_samples_per_second": 70.703, "eval_steps_per_second": 9.222}