{"eval_loss": 0.37749549746513367, "eval_accuracy": 0.8727900981903076, "eval_runtime": 35.5667, "eval_samples_per_second": 276.72, "eval_steps_per_second": 34.611}