{"eval_loss": 1.4351751804351807, "eval_accuracy": 0.6000000238418579, "eval_runtime": 0.6518, "eval_samples_per_second": 153.41, "eval_steps_per_second": 19.943}