{"eval_loss": 0.48558568954467773, "eval_accuracy": 0.8743141889572144, "eval_runtime": 35.3718, "eval_samples_per_second": 278.244, "eval_steps_per_second": 34.802}