{"eval_loss": 1.2791073322296143, "eval_accuracy": 0.6833333373069763, "eval_runtime": 0.6676, "eval_samples_per_second": 179.743, "eval_steps_per_second": 22.468}