{"eval_loss": 1.1263657808303833, "eval_accuracy": 0.7021276354789734, "eval_runtime": 0.4168, "eval_samples_per_second": 112.754, "eval_steps_per_second": 14.394}