{"eval_loss": 0.8918133974075317, "eval_accuracy": 0.6666666865348816, "eval_runtime": 0.3738, "eval_samples_per_second": 96.319, "eval_steps_per_second": 13.378}