{"eval_loss": 0.12881021201610565, "eval_accuracy": 0.9624999761581421, "eval_runtime": 0.8117, "eval_samples_per_second": 197.115, "eval_steps_per_second": 24.639}