{"eval_loss": 0.37276121973991394, "eval_accuracy": 0.8774639368057251, "eval_runtime": 35.3779, "eval_samples_per_second": 278.196, "eval_steps_per_second": 34.796}