{"eval_loss": 0.05485622584819794, "eval_accuracy": 0.9857142567634583, "eval_runtime": 0.74, "eval_samples_per_second": 189.185, "eval_steps_per_second": 24.324}