{"eval_loss": 1.2726616859436035, "eval_accuracy": 0.6600000262260437, "eval_runtime": 0.6019, "eval_samples_per_second": 166.135, "eval_steps_per_second": 21.598}