{"eval_loss": 0.10412293672561646, "eval_accuracy": 0.9624999761581421, "eval_runtime": 0.531, "eval_samples_per_second": 150.653, "eval_steps_per_second": 18.832}