{"eval_loss": 0.7078229188919067, "eval_accuracy": 0.8500000238418579, "eval_runtime": 0.3191, "eval_samples_per_second": 62.668, "eval_steps_per_second": 9.4}