{"eval_loss": 1.4997234344482422, "eval_accuracy": 0.6741573214530945, "eval_runtime": 0.5876, "eval_samples_per_second": 151.464, "eval_steps_per_second": 20.422}