{"eval_loss": 1.4101312160491943, "eval_accuracy": 0.6499999761581421, "eval_runtime": 0.8105, "eval_samples_per_second": 197.408, "eval_steps_per_second": 24.676}