{"eval_loss": 0.5126627683639526, "eval_accuracy": 0.8702499270439148, "eval_runtime": 35.2601, "eval_samples_per_second": 279.126, "eval_steps_per_second": 34.912}