{"eval_loss": 1.5880086421966553, "eval_accuracy": 0.6000000238418579, "eval_runtime": 0.5284, "eval_samples_per_second": 151.394, "eval_steps_per_second": 18.924}