{"eval_loss": 1.2129201889038086, "eval_accuracy": 0.6727272868156433, "eval_runtime": 0.4401, "eval_samples_per_second": 124.985, "eval_steps_per_second": 15.907}