{"eval_loss": 1.1276178359985352, "eval_accuracy": 0.5882353186607361, "eval_runtime": 0.3086, "eval_samples_per_second": 55.085, "eval_steps_per_second": 9.721}