{"eval_loss": 1.480573058128357, "eval_accuracy": 0.6190476417541504, "eval_runtime": 0.5446, "eval_samples_per_second": 154.228, "eval_steps_per_second": 20.196}