{"eval_loss": 1.273934006690979, "eval_accuracy": 0.6627907156944275, "eval_runtime": 0.5565, "eval_samples_per_second": 154.536, "eval_steps_per_second": 19.766}