{"eval_loss": 1.2224043607711792, "eval_accuracy": 0.5813953280448914, "eval_runtime": 0.4072, "eval_samples_per_second": 105.588, "eval_steps_per_second": 14.733}