{"eval_loss": 0.3884415626525879, "eval_accuracy": 0.8702499270439148, "eval_runtime": 35.3849, "eval_samples_per_second": 278.141, "eval_steps_per_second": 34.789}