{"eval_loss": 0.40642720460891724, "eval_accuracy": 0.8681162595748901, "eval_runtime": 35.3341, "eval_samples_per_second": 278.541, "eval_steps_per_second": 34.839}