{"eval_loss": 1.214414358139038, "eval_accuracy": 0.7166666388511658, "eval_runtime": 0.4601, "eval_samples_per_second": 130.414, "eval_steps_per_second": 17.389}