{"eval_loss": 1.19736647605896, "eval_accuracy": 0.6060606241226196, "eval_runtime": 0.4854, "eval_samples_per_second": 135.974, "eval_steps_per_second": 18.542}