{"eval_loss": 1.4530750513076782, "eval_accuracy": 0.6312500238418579, "eval_runtime": 0.8097, "eval_samples_per_second": 197.599, "eval_steps_per_second": 24.7}