{"eval_loss": 1.0367172956466675, "eval_accuracy": 0.7115384340286255, "eval_runtime": 0.4348, "eval_samples_per_second": 119.589, "eval_steps_per_second": 16.098}