{"eval_loss": 1.1956993341445923, "eval_accuracy": 0.6619718074798584, "eval_runtime": 0.5192, "eval_samples_per_second": 136.761, "eval_steps_per_second": 17.336}