{"eval_loss": 1.137990117073059, "eval_accuracy": 0.6901408433914185, "eval_runtime": 0.4951, "eval_samples_per_second": 143.406, "eval_steps_per_second": 18.178}