{"eval_loss": 0.0995044857263565, "eval_accuracy": 0.9624999761581421, "eval_runtime": 0.5263, "eval_samples_per_second": 152.012, "eval_steps_per_second": 19.001}