{"eval_loss": 1.2117605209350586, "eval_accuracy": 0.6415094137191772, "eval_runtime": 0.4656, "eval_samples_per_second": 113.84, "eval_steps_per_second": 15.035}