{"eval_loss": 1.3513014316558838, "eval_accuracy": 0.637499988079071, "eval_runtime": 0.8082, "eval_samples_per_second": 197.978, "eval_steps_per_second": 24.747}