{"eval_loss": 0.9856699705123901, "eval_accuracy": 0.6962025165557861, "eval_runtime": 0.5411, "eval_samples_per_second": 145.995, "eval_steps_per_second": 18.48}