{"eval_loss": 1.2896479368209839, "eval_accuracy": 0.6619718074798584, "eval_runtime": 0.4939, "eval_samples_per_second": 143.767, "eval_steps_per_second": 18.224}