{"eval_loss": 1.0739802122116089, "eval_accuracy": 0.699999988079071, "eval_runtime": 0.7428, "eval_samples_per_second": 188.471, "eval_steps_per_second": 24.232}