{"eval_loss": 1.2164077758789062, "eval_accuracy": 0.7333333492279053, "eval_runtime": 0.47, "eval_samples_per_second": 127.672, "eval_steps_per_second": 17.023}