{"eval_loss": 0.45006996393203735, "eval_accuracy": 0.8666666746139526, "eval_runtime": 0.46, "eval_samples_per_second": 130.436, "eval_steps_per_second": 17.391}