{"eval_loss": 0.9682853817939758, "eval_accuracy": 0.7142857313156128, "eval_runtime": 0.7727, "eval_samples_per_second": 181.184, "eval_steps_per_second": 23.295}