{"eval_loss": 0.40428441762924194, "eval_accuracy": 0.8728916645050049, "eval_runtime": 35.357, "eval_samples_per_second": 278.361, "eval_steps_per_second": 34.816}