{"eval_loss": 1.2646100521087646, "eval_accuracy": 0.668749988079071, "eval_runtime": 0.8404, "eval_samples_per_second": 190.394, "eval_steps_per_second": 23.799}