{"eval_loss": 0.3778854012489319, "eval_accuracy": 0.8814265131950378, "eval_runtime": 35.1351, "eval_samples_per_second": 280.119, "eval_steps_per_second": 35.036}