{"eval_loss": 0.4043498933315277, "eval_accuracy": 0.8786832094192505, "eval_runtime": 35.1588, "eval_samples_per_second": 279.93, "eval_steps_per_second": 35.013}