{"eval_loss": 1.4901539087295532, "eval_accuracy": 0.6100000143051147, "eval_runtime": 0.6202, "eval_samples_per_second": 161.243, "eval_steps_per_second": 20.962}