{"eval_loss": 1.0601738691329956, "eval_accuracy": 0.7368420958518982, "eval_runtime": 0.4514, "eval_samples_per_second": 126.266, "eval_steps_per_second": 17.722}