{"eval_loss": 0.4113016724586487, "eval_accuracy": 0.8999999761581421, "eval_runtime": 0.3869, "eval_samples_per_second": 103.377, "eval_steps_per_second": 12.922}