{"eval_loss": 1.2200716733932495, "eval_accuracy": 0.6928571462631226, "eval_runtime": 0.749, "eval_samples_per_second": 186.915, "eval_steps_per_second": 24.032}