{"eval_loss": 1.527231216430664, "eval_accuracy": 0.6000000238418579, "eval_runtime": 0.3856, "eval_samples_per_second": 103.729, "eval_steps_per_second": 12.966}