{"eval_loss": 0.18522115051746368, "eval_accuracy": 0.9399999976158142, "eval_runtime": 0.6186, "eval_samples_per_second": 161.652, "eval_steps_per_second": 21.015}