{"eval_loss": 0.4487551152706146, "eval_accuracy": 0.8690307140350342, "eval_runtime": 35.3187, "eval_samples_per_second": 278.663, "eval_steps_per_second": 34.854}