{"eval_loss": 1.3720383644104004, "eval_accuracy": 0.644444465637207, "eval_runtime": 0.8838, "eval_samples_per_second": 203.673, "eval_steps_per_second": 26.025}