{"eval_loss": 0.3647630214691162, "eval_accuracy": 0.8782767653465271, "eval_runtime": 35.4788, "eval_samples_per_second": 277.405, "eval_steps_per_second": 34.697}