{"eval_loss": 1.358005404472351, "eval_accuracy": 0.6499999761581421, "eval_runtime": 0.8975, "eval_samples_per_second": 200.563, "eval_steps_per_second": 25.627}