{"eval_loss": 0.4909767210483551, "eval_accuracy": 0.8677098155021667, "eval_runtime": 35.343, "eval_samples_per_second": 278.471, "eval_steps_per_second": 34.83}