{"eval_loss": 0.6405624747276306, "eval_accuracy": 0.7749999761581421, "eval_runtime": 0.3958, "eval_samples_per_second": 101.056, "eval_steps_per_second": 12.632}