{"eval_loss": 1.0988609790802002, "eval_accuracy": 0.6545454263687134, "eval_runtime": 0.44, "eval_samples_per_second": 125.002, "eval_steps_per_second": 15.909}