{"eval_loss": 1.099057674407959, "eval_accuracy": 0.6842105388641357, "eval_runtime": 0.5272, "eval_samples_per_second": 144.156, "eval_steps_per_second": 18.968}