{"eval_loss": 1.4821114540100098, "eval_accuracy": 0.6704545617103577, "eval_runtime": 0.5543, "eval_samples_per_second": 158.752, "eval_steps_per_second": 19.844}