{"eval_loss": 1.2569243907928467, "eval_accuracy": 0.6857143044471741, "eval_runtime": 0.7425, "eval_samples_per_second": 188.549, "eval_steps_per_second": 24.242}