{"eval_loss": 0.5400300621986389, "eval_accuracy": 0.86618572473526, "eval_runtime": 35.4009, "eval_samples_per_second": 278.016, "eval_steps_per_second": 34.773}