{"eval_loss": 1.2920607328414917, "eval_accuracy": 0.6399999856948853, "eval_runtime": 0.6337, "eval_samples_per_second": 157.81, "eval_steps_per_second": 20.515}