{"eval_loss": 0.4412875771522522, "eval_accuracy": 0.8792928457260132, "eval_runtime": 35.3024, "eval_samples_per_second": 278.791, "eval_steps_per_second": 34.87}