{"eval_loss": 0.04610133543610573, "eval_accuracy": 0.9900000095367432, "eval_runtime": 0.6088, "eval_samples_per_second": 164.251, "eval_steps_per_second": 21.353}