{"eval_loss": 1.0715014934539795, "eval_accuracy": 0.6585366129875183, "eval_runtime": 0.5405, "eval_samples_per_second": 151.714, "eval_steps_per_second": 20.352}