{"eval_loss": 0.08679323643445969, "eval_accuracy": 0.9750000238418579, "eval_runtime": 0.4172, "eval_samples_per_second": 95.878, "eval_steps_per_second": 11.985}