{"eval_loss": 1.2375366687774658, "eval_accuracy": 0.637499988079071, "eval_runtime": 0.8296, "eval_samples_per_second": 192.855, "eval_steps_per_second": 24.107}