{"eval_loss": 1.4518386125564575, "eval_accuracy": 0.6416666507720947, "eval_runtime": 0.6743, "eval_samples_per_second": 177.961, "eval_steps_per_second": 22.245}