{"eval_loss": 1.2992655038833618, "eval_accuracy": 0.65625, "eval_runtime": 0.8115, "eval_samples_per_second": 197.155, "eval_steps_per_second": 24.644}