{"eval_loss": 0.41476768255233765, "eval_accuracy": 0.8999999761581421, "eval_runtime": 0.319, "eval_samples_per_second": 62.688, "eval_steps_per_second": 9.403}