{"eval_loss": 1.464390754699707, "eval_accuracy": 0.5757575631141663, "eval_runtime": 0.3622, "eval_samples_per_second": 91.102, "eval_steps_per_second": 13.803}