{"eval_loss": 0.7322275638580322, "eval_accuracy": 0.8333333134651184, "eval_runtime": 0.3105, "eval_samples_per_second": 57.975, "eval_steps_per_second": 9.662}