{"eval_loss": 0.4823593497276306, "eval_accuracy": 0.8712660074234009, "eval_runtime": 35.3226, "eval_samples_per_second": 278.632, "eval_steps_per_second": 34.85}