{"eval_loss": 0.4065261781215668, "eval_accuracy": 0.8715708255767822, "eval_runtime": 35.3284, "eval_samples_per_second": 278.586, "eval_steps_per_second": 34.845}