{"eval_loss": 1.4747560024261475, "eval_accuracy": 0.6187499761581421, "eval_runtime": 0.8351, "eval_samples_per_second": 191.585, "eval_steps_per_second": 23.948}