{"eval_loss": 1.4644445180892944, "eval_accuracy": 0.6666666865348816, "eval_runtime": 0.5441, "eval_samples_per_second": 154.384, "eval_steps_per_second": 20.217}