{"eval_loss": 1.3435167074203491, "eval_accuracy": 0.6741573214530945, "eval_runtime": 0.5674, "eval_samples_per_second": 156.848, "eval_steps_per_second": 21.148}