{"eval_loss": 0.8961441516876221, "eval_accuracy": 0.7222222089767456, "eval_runtime": 0.4112, "eval_samples_per_second": 87.538, "eval_steps_per_second": 12.158}