{"eval_loss": 1.1447710990905762, "eval_accuracy": 0.6818181872367859, "eval_runtime": 0.4335, "eval_samples_per_second": 101.5, "eval_steps_per_second": 13.841}