{"eval_loss": 0.11048983037471771, "eval_accuracy": 0.9666666388511658, "eval_runtime": 0.6696, "eval_samples_per_second": 179.2, "eval_steps_per_second": 22.4}