{"eval_loss": 1.4472218751907349, "eval_accuracy": 0.6333333253860474, "eval_runtime": 0.4808, "eval_samples_per_second": 124.79, "eval_steps_per_second": 16.639}