{"eval_loss": 0.1587292104959488, "eval_accuracy": 0.949999988079071, "eval_runtime": 0.6958, "eval_samples_per_second": 172.465, "eval_steps_per_second": 21.558}