{"eval_loss": 0.9785903096199036, "eval_accuracy": 0.6984127163887024, "eval_runtime": 0.4712, "eval_samples_per_second": 133.705, "eval_steps_per_second": 16.978}