{"eval_loss": 1.1834676265716553, "eval_accuracy": 0.6499999761581421, "eval_runtime": 0.5276, "eval_samples_per_second": 151.639, "eval_steps_per_second": 18.955}