{"eval_loss": 0.9954757690429688, "eval_accuracy": 0.7142857313156128, "eval_runtime": 0.4979, "eval_samples_per_second": 140.577, "eval_steps_per_second": 18.074}