{"eval_loss": 1.155081033706665, "eval_accuracy": 0.699999988079071, "eval_runtime": 0.4635, "eval_samples_per_second": 129.453, "eval_steps_per_second": 17.26}