{"eval_loss": 0.450252503156662, "eval_accuracy": 0.8627311587333679, "eval_runtime": 35.3452, "eval_samples_per_second": 278.453, "eval_steps_per_second": 34.828}