{"eval_loss": 0.3854876160621643, "eval_accuracy": 0.8751270174980164, "eval_runtime": 35.3992, "eval_samples_per_second": 278.029, "eval_steps_per_second": 34.775}