{"eval_loss": 0.36063629388809204, "eval_accuracy": 0.8806136846542358, "eval_runtime": 35.3703, "eval_samples_per_second": 278.256, "eval_steps_per_second": 34.803}