{"eval_loss": 1.3105967044830322, "eval_accuracy": 0.6499999761581421, "eval_runtime": 0.6733, "eval_samples_per_second": 178.22, "eval_steps_per_second": 22.277}