{"eval_loss": 1.2845386266708374, "eval_accuracy": 0.6710526347160339, "eval_runtime": 0.5183, "eval_samples_per_second": 146.626, "eval_steps_per_second": 19.293}