{"eval_loss": 1.3710752725601196, "eval_accuracy": 0.6056337952613831, "eval_runtime": 0.5081, "eval_samples_per_second": 139.728, "eval_steps_per_second": 17.712}