{"eval_loss": 0.4294144809246063, "eval_accuracy": 0.8690307140350342, "eval_runtime": 35.4871, "eval_samples_per_second": 277.34, "eval_steps_per_second": 34.689}