{"eval_loss": 1.2144415378570557, "eval_accuracy": 0.699999988079071, "eval_runtime": 0.6815, "eval_samples_per_second": 176.07, "eval_steps_per_second": 22.009}