{"eval_loss": 0.05139107629656792, "eval_accuracy": 0.9900000095367432, "eval_runtime": 0.5994, "eval_samples_per_second": 166.843, "eval_steps_per_second": 21.69}