{"eval_loss": 0.7293907999992371, "eval_accuracy": 0.7666666507720947, "eval_runtime": 0.4625, "eval_samples_per_second": 129.739, "eval_steps_per_second": 17.299}