{"eval_loss": 1.3874207735061646, "eval_accuracy": 0.6499999761581421, "eval_runtime": 0.8836, "eval_samples_per_second": 203.713, "eval_steps_per_second": 26.03}