{"eval_loss": 1.1791874170303345, "eval_accuracy": 0.695652186870575, "eval_runtime": 0.5773, "eval_samples_per_second": 159.358, "eval_steps_per_second": 20.786}