{"eval_loss": 1.6924724578857422, "eval_accuracy": 0.6000000238418579, "eval_runtime": 0.5345, "eval_samples_per_second": 149.685, "eval_steps_per_second": 18.711}