{"eval_loss": 0.061025772243738174, "eval_accuracy": 0.9900000095367432, "eval_runtime": 0.6047, "eval_samples_per_second": 165.363, "eval_steps_per_second": 21.497}