{"eval_loss": 1.0248736143112183, "eval_accuracy": 0.7142857313156128, "eval_runtime": 0.7681, "eval_samples_per_second": 182.256, "eval_steps_per_second": 23.433}