{"eval_loss": 1.2362806797027588, "eval_accuracy": 0.6499999761581421, "eval_runtime": 0.5524, "eval_samples_per_second": 144.82, "eval_steps_per_second": 18.103}