{"eval_loss": 0.477037250995636, "eval_accuracy": 0.8721804618835449, "eval_runtime": 35.4617, "eval_samples_per_second": 277.539, "eval_steps_per_second": 34.713}