{"eval_loss": 0.7566227316856384, "eval_accuracy": 0.7936508059501648, "eval_runtime": 0.4683, "eval_samples_per_second": 134.521, "eval_steps_per_second": 17.082}