{"eval_loss": 1.2082180976867676, "eval_accuracy": 0.6349206566810608, "eval_runtime": 0.4701, "eval_samples_per_second": 134.008, "eval_steps_per_second": 17.017}