{"eval_loss": 0.41977620124816895, "eval_accuracy": 0.8721804618835449, "eval_runtime": 35.1513, "eval_samples_per_second": 279.99, "eval_steps_per_second": 35.02}