{"eval_loss": 0.8827909827232361, "eval_accuracy": 0.6666666865348816, "eval_runtime": 0.3949, "eval_samples_per_second": 106.347, "eval_steps_per_second": 15.192}