{"eval_loss": 0.3815215826034546, "eval_accuracy": 0.8824425935745239, "eval_runtime": 35.1956, "eval_samples_per_second": 279.638, "eval_steps_per_second": 34.976}