{"eval_loss": 0.5455936193466187, "eval_accuracy": 0.8680146336555481, "eval_runtime": 35.2576, "eval_samples_per_second": 279.146, "eval_steps_per_second": 34.915}