{"eval_loss": 1.0813581943511963, "eval_accuracy": 0.688524603843689, "eval_runtime": 0.4665, "eval_samples_per_second": 130.753, "eval_steps_per_second": 17.148}