{"eval_loss": 1.474077582359314, "eval_accuracy": 0.6399999856948853, "eval_runtime": 0.6047, "eval_samples_per_second": 165.366, "eval_steps_per_second": 21.498}