{"eval_loss": 1.1810373067855835, "eval_accuracy": 0.6326530575752258, "eval_runtime": 0.4306, "eval_samples_per_second": 113.808, "eval_steps_per_second": 16.258}