{"eval_loss": 1.190492868423462, "eval_accuracy": 0.7166666388511658, "eval_runtime": 0.5957, "eval_samples_per_second": 100.727, "eval_steps_per_second": 13.43}