{"eval_loss": 0.9220358729362488, "eval_accuracy": 0.6666666865348816, "eval_runtime": 0.3633, "eval_samples_per_second": 66.064, "eval_steps_per_second": 8.258}