{"eval_loss": 0.9058429002761841, "eval_accuracy": 0.6933333277702332, "eval_runtime": 0.5161, "eval_samples_per_second": 145.334, "eval_steps_per_second": 19.378}