{"eval_loss": 1.1732099056243896, "eval_accuracy": 0.7250000238418579, "eval_runtime": 0.3945, "eval_samples_per_second": 101.405, "eval_steps_per_second": 12.676}