{"eval_loss": 1.5698896646499634, "eval_accuracy": 0.6285714507102966, "eval_runtime": 0.7394, "eval_samples_per_second": 189.351, "eval_steps_per_second": 24.345}