{"eval_loss": 0.8841229677200317, "eval_accuracy": 0.7250000238418579, "eval_runtime": 0.3953, "eval_samples_per_second": 101.177, "eval_steps_per_second": 12.647}