{"eval_loss": 0.11905071884393692, "eval_accuracy": 0.9583333134651184, "eval_runtime": 0.6736, "eval_samples_per_second": 178.139, "eval_steps_per_second": 22.267}