{"eval_loss": 0.600433349609375, "eval_accuracy": 0.800000011920929, "eval_runtime": 0.5267, "eval_samples_per_second": 151.878, "eval_steps_per_second": 18.985}