{"eval_loss": 1.3006014823913574, "eval_accuracy": 0.675000011920929, "eval_runtime": 0.7023, "eval_samples_per_second": 170.858, "eval_steps_per_second": 21.357}