{"eval_loss": 1.283757209777832, "eval_accuracy": 0.668749988079071, "eval_runtime": 0.8104, "eval_samples_per_second": 197.431, "eval_steps_per_second": 24.679}