{"eval_loss": 0.4067722260951996, "eval_accuracy": 0.862500011920929, "eval_runtime": 0.5362, "eval_samples_per_second": 149.186, "eval_steps_per_second": 18.648}