{"eval_loss": 1.5233285427093506, "eval_accuracy": 0.6499999761581421, "eval_runtime": 0.4647, "eval_samples_per_second": 129.121, "eval_steps_per_second": 17.216}