{"eval_loss": 0.352084219455719, "eval_accuracy": 0.8800040483474731, "eval_runtime": 35.3762, "eval_samples_per_second": 278.21, "eval_steps_per_second": 34.797}