{"eval_loss": 0.9514700770378113, "eval_accuracy": 0.7580645084381104, "eval_runtime": 0.4758, "eval_samples_per_second": 130.305, "eval_steps_per_second": 16.814}