{"eval_loss": 1.168105125427246, "eval_accuracy": 0.6842105388641357, "eval_runtime": 0.3822, "eval_samples_per_second": 99.43, "eval_steps_per_second": 13.083}