{"eval_loss": 1.1896394491195679, "eval_accuracy": 0.7333333492279053, "eval_runtime": 0.4881, "eval_samples_per_second": 122.927, "eval_steps_per_second": 16.39}