{"eval_loss": 1.1136893033981323, "eval_accuracy": 0.6530612111091614, "eval_runtime": 0.4241, "eval_samples_per_second": 115.552, "eval_steps_per_second": 16.507}