{"eval_loss": 1.1339634656906128, "eval_accuracy": 0.6666666865348816, "eval_runtime": 0.42, "eval_samples_per_second": 114.275, "eval_steps_per_second": 14.284}