{"eval_loss": 1.343063235282898, "eval_accuracy": 0.6593406796455383, "eval_runtime": 0.5836, "eval_samples_per_second": 155.919, "eval_steps_per_second": 20.561}