{"eval_loss": 1.3256347179412842, "eval_accuracy": 0.6611111164093018, "eval_runtime": 0.9088, "eval_samples_per_second": 198.054, "eval_steps_per_second": 25.307}