{"eval_loss": 0.373035728931427, "eval_accuracy": 0.8999999761581421, "eval_runtime": 0.3201, "eval_samples_per_second": 62.473, "eval_steps_per_second": 9.371}