{"eval_loss": 1.284746527671814, "eval_accuracy": 0.6499999761581421, "eval_runtime": 0.489, "eval_samples_per_second": 122.702, "eval_steps_per_second": 16.36}