{"eval_loss": 1.4586894512176514, "eval_accuracy": 0.6428571343421936, "eval_runtime": 0.7444, "eval_samples_per_second": 188.08, "eval_steps_per_second": 24.182}