{"eval_loss": 0.4461132287979126, "eval_accuracy": 0.875635027885437, "eval_runtime": 35.4092, "eval_samples_per_second": 277.95, "eval_steps_per_second": 34.765}