{"eval_loss": 0.43003880977630615, "eval_accuracy": 0.8777687549591064, "eval_runtime": 35.1642, "eval_samples_per_second": 279.887, "eval_steps_per_second": 35.007}