{"eval_loss": 0.518548309803009, "eval_accuracy": 0.8333333134651184, "eval_runtime": 0.4624, "eval_samples_per_second": 129.756, "eval_steps_per_second": 17.301}