{"eval_loss": 1.0865168571472168, "eval_accuracy": 0.6753246784210205, "eval_runtime": 0.5204, "eval_samples_per_second": 147.95, "eval_steps_per_second": 19.214}