{"eval_loss": 1.1944454908370972, "eval_accuracy": 0.6333333253860474, "eval_runtime": 0.6996, "eval_samples_per_second": 171.533, "eval_steps_per_second": 21.442}