{"eval_loss": 0.46995478868484497, "eval_accuracy": 0.8214285969734192, "eval_runtime": 0.7475, "eval_samples_per_second": 187.283, "eval_steps_per_second": 24.079}