{"eval_loss": 0.44527748227119446, "eval_accuracy": 0.8696402907371521, "eval_runtime": 35.1975, "eval_samples_per_second": 279.622, "eval_steps_per_second": 34.974}