{"eval_loss": 0.4148690402507782, "eval_accuracy": 0.8808169364929199, "eval_runtime": 35.114, "eval_samples_per_second": 280.287, "eval_steps_per_second": 35.057}