{"eval_loss": 1.3752617835998535, "eval_accuracy": 0.675000011920929, "eval_runtime": 0.6928, "eval_samples_per_second": 173.219, "eval_steps_per_second": 21.652}