{"eval_loss": 0.6187648773193359, "eval_accuracy": 0.6842105388641357, "eval_runtime": 0.3199, "eval_samples_per_second": 59.386, "eval_steps_per_second": 9.377}