{"eval_loss": 1.1355286836624146, "eval_accuracy": 0.7017543911933899, "eval_runtime": 0.4613, "eval_samples_per_second": 123.566, "eval_steps_per_second": 17.343}