{"eval_loss": 1.129880666732788, "eval_accuracy": 0.699999988079071, "eval_runtime": 0.3843, "eval_samples_per_second": 104.082, "eval_steps_per_second": 13.01}