{"eval_loss": 0.05424542352557182, "eval_accuracy": 0.9833333492279053, "eval_runtime": 0.4825, "eval_samples_per_second": 124.353, "eval_steps_per_second": 16.58}