{"eval_loss": 1.2324435710906982, "eval_accuracy": 0.6499999761581421, "eval_runtime": 0.6, "eval_samples_per_second": 166.66, "eval_steps_per_second": 21.666}