{"eval_loss": 0.8364850282669067, "eval_accuracy": 0.707317054271698, "eval_runtime": 0.3935, "eval_samples_per_second": 104.187, "eval_steps_per_second": 15.247}