{"eval_loss": 1.2128338813781738, "eval_accuracy": 0.699999988079071, "eval_runtime": 0.7696, "eval_samples_per_second": 181.924, "eval_steps_per_second": 23.39}