{"eval_loss": 1.3702168464660645, "eval_accuracy": 0.6730769276618958, "eval_runtime": 0.4325, "eval_samples_per_second": 120.235, "eval_steps_per_second": 16.186}