{"eval_loss": 1.0504432916641235, "eval_accuracy": 0.7105262875556946, "eval_runtime": 0.5366, "eval_samples_per_second": 141.62, "eval_steps_per_second": 18.634}