{"eval_loss": 1.375794768333435, "eval_accuracy": 0.6388888955116272, "eval_runtime": 0.914, "eval_samples_per_second": 196.94, "eval_steps_per_second": 25.164}