{"eval_loss": 0.3799351155757904, "eval_accuracy": 0.8803088665008545, "eval_runtime": 35.2005, "eval_samples_per_second": 279.599, "eval_steps_per_second": 34.971}