{"eval_loss": 1.052584171295166, "eval_accuracy": 0.7142857313156128, "eval_runtime": 0.6031, "eval_samples_per_second": 150.875, "eval_steps_per_second": 19.896}