{"eval_loss": 1.0809906721115112, "eval_accuracy": 0.6538461446762085, "eval_runtime": 0.4561, "eval_samples_per_second": 114.002, "eval_steps_per_second": 15.346}