{"eval_loss": 1.1493828296661377, "eval_accuracy": 0.7166666388511658, "eval_runtime": 0.9174, "eval_samples_per_second": 196.199, "eval_steps_per_second": 25.07}