{"eval_loss": 1.0173423290252686, "eval_accuracy": 0.7166666388511658, "eval_runtime": 0.695, "eval_samples_per_second": 172.672, "eval_steps_per_second": 21.584}