{"eval_loss": 0.6754134297370911, "eval_accuracy": 0.7749999761581421, "eval_runtime": 0.3863, "eval_samples_per_second": 103.549, "eval_steps_per_second": 12.944}