{"eval_loss": 0.7021948099136353, "eval_accuracy": 0.7631579041481018, "eval_runtime": 0.4098, "eval_samples_per_second": 92.736, "eval_steps_per_second": 12.202}