{"eval_loss": 1.4298292398452759, "eval_accuracy": 0.6626505851745605, "eval_runtime": 0.5437, "eval_samples_per_second": 152.652, "eval_steps_per_second": 20.231}