{"eval_loss": 0.5417775511741638, "eval_accuracy": 0.8673033714294434, "eval_runtime": 35.4166, "eval_samples_per_second": 277.892, "eval_steps_per_second": 34.758}