{"eval_loss": 1.3939244747161865, "eval_accuracy": 0.643750011920929, "eval_runtime": 0.8091, "eval_samples_per_second": 197.741, "eval_steps_per_second": 24.718}