{"eval_loss": 0.4988037943840027, "eval_accuracy": 0.8187500238418579, "eval_runtime": 0.8094, "eval_samples_per_second": 197.673, "eval_steps_per_second": 24.709}