{"eval_loss": 0.38207775354385376, "eval_accuracy": 0.7692307829856873, "eval_runtime": 0.2943, "eval_samples_per_second": 44.17, "eval_steps_per_second": 6.795}