{"eval_loss": 1.014810562133789, "eval_accuracy": 0.5897436141967773, "eval_runtime": 0.3823, "eval_samples_per_second": 102.01, "eval_steps_per_second": 13.078}