{"eval_loss": 1.1980862617492676, "eval_accuracy": 0.6730769276618958, "eval_runtime": 0.4313, "eval_samples_per_second": 120.574, "eval_steps_per_second": 16.231}