{"eval_loss": 1.4513366222381592, "eval_accuracy": 0.6363636255264282, "eval_runtime": 0.5579, "eval_samples_per_second": 157.724, "eval_steps_per_second": 19.716}