{"eval_loss": 1.2773596048355103, "eval_accuracy": 0.6499999761581421, "eval_runtime": 0.6134, "eval_samples_per_second": 163.026, "eval_steps_per_second": 21.193}