{"eval_loss": 0.1011282429099083, "eval_accuracy": 0.949999988079071, "eval_runtime": 0.3172, "eval_samples_per_second": 63.048, "eval_steps_per_second": 9.457}