{"eval_loss": 1.1671291589736938, "eval_accuracy": 0.7357142567634583, "eval_runtime": 0.7565, "eval_samples_per_second": 185.067, "eval_steps_per_second": 23.794}