{"eval_loss": 0.0751269981265068, "eval_accuracy": 0.9833333492279053, "eval_runtime": 0.4573, "eval_samples_per_second": 131.214, "eval_steps_per_second": 17.495}