{"eval_loss": 0.8705820441246033, "eval_accuracy": 0.7115384340286255, "eval_runtime": 0.4336, "eval_samples_per_second": 119.916, "eval_steps_per_second": 16.143}