{"eval_loss": 1.3717433214187622, "eval_accuracy": 0.6555555462837219, "eval_runtime": 0.8852, "eval_samples_per_second": 203.347, "eval_steps_per_second": 25.983}