{"eval_loss": 1.1931489706039429, "eval_accuracy": 0.671875, "eval_runtime": 0.501, "eval_samples_per_second": 127.745, "eval_steps_per_second": 15.968}