{"eval_loss": 0.9253139495849609, "eval_accuracy": 0.7407407164573669, "eval_runtime": 0.3805, "eval_samples_per_second": 70.95, "eval_steps_per_second": 10.511}