{"eval_loss": 0.1563010960817337, "eval_accuracy": 0.949999988079071, "eval_runtime": 0.3339, "eval_samples_per_second": 59.899, "eval_steps_per_second": 8.985}