{"eval_loss": 0.3589536249637604, "eval_accuracy": 0.8811216950416565, "eval_runtime": 35.3293, "eval_samples_per_second": 278.579, "eval_steps_per_second": 34.844}