{"eval_loss": 0.5573413372039795, "eval_accuracy": 0.8100000023841858, "eval_runtime": 0.6127, "eval_samples_per_second": 163.206, "eval_steps_per_second": 21.217}