{"eval_loss": 1.5836739540100098, "eval_accuracy": 0.6666666865348816, "eval_runtime": 0.4626, "eval_samples_per_second": 129.707, "eval_steps_per_second": 17.294}