{"eval_loss": 1.4184361696243286, "eval_accuracy": 0.6499999761581421, "eval_runtime": 0.5404, "eval_samples_per_second": 148.035, "eval_steps_per_second": 18.504}