{"eval_loss": 0.3858628571033478, "eval_accuracy": 0.8831538558006287, "eval_runtime": 58.9451, "eval_samples_per_second": 166.969, "eval_steps_per_second": 20.884}