{"eval_loss": 1.2638181447982788, "eval_accuracy": 0.6739130616188049, "eval_runtime": 0.5811, "eval_samples_per_second": 158.315, "eval_steps_per_second": 20.65}