{"eval_loss": 0.793661892414093, "eval_accuracy": 0.739130437374115, "eval_runtime": 0.4894, "eval_samples_per_second": 140.979, "eval_steps_per_second": 18.389}