{"eval_loss": 0.3510470390319824, "eval_accuracy": 0.8801056742668152, "eval_runtime": 35.5157, "eval_samples_per_second": 277.117, "eval_steps_per_second": 34.661}