{"eval_loss": 0.4564690589904785, "eval_accuracy": 0.873094916343689, "eval_runtime": 35.1218, "eval_samples_per_second": 280.224, "eval_steps_per_second": 35.049}