{"eval_loss": 1.3875402212142944, "eval_accuracy": 0.6559139490127563, "eval_runtime": 0.5718, "eval_samples_per_second": 162.635, "eval_steps_per_second": 20.985}