{"eval_loss": 0.755124568939209, "eval_accuracy": 0.78125, "eval_runtime": 0.3762, "eval_samples_per_second": 85.071, "eval_steps_per_second": 10.634}