{"eval_loss": 1.4366142749786377, "eval_accuracy": 0.6551724076271057, "eval_runtime": 0.5791, "eval_samples_per_second": 150.237, "eval_steps_per_second": 18.996}