{"eval_loss": 1.276261329650879, "eval_accuracy": 0.6625000238418579, "eval_runtime": 0.8518, "eval_samples_per_second": 187.839, "eval_steps_per_second": 23.48}