{"eval_loss": 0.39303717017173767, "eval_accuracy": 0.8753302097320557, "eval_runtime": 35.3244, "eval_samples_per_second": 278.618, "eval_steps_per_second": 34.848}