{"eval_loss": 1.2757219076156616, "eval_accuracy": 0.6555555462837219, "eval_runtime": 0.5641, "eval_samples_per_second": 159.542, "eval_steps_per_second": 21.272}