{"eval_loss": 0.1008145809173584, "eval_accuracy": 0.9571428298950195, "eval_runtime": 0.7918, "eval_samples_per_second": 176.82, "eval_steps_per_second": 22.734}