{"eval_loss": 1.2941113710403442, "eval_accuracy": 0.6419752836227417, "eval_runtime": 0.5395, "eval_samples_per_second": 150.152, "eval_steps_per_second": 20.391}