{"eval_loss": 1.0542716979980469, "eval_accuracy": 0.7142857313156128, "eval_runtime": 0.5111, "eval_samples_per_second": 136.962, "eval_steps_per_second": 17.609}