{"eval_loss": 1.2185920476913452, "eval_accuracy": 0.7111111283302307, "eval_runtime": 0.568, "eval_samples_per_second": 158.448, "eval_steps_per_second": 21.126}