{"eval_loss": 1.2648775577545166, "eval_accuracy": 0.6625000238418579, "eval_runtime": 0.5448, "eval_samples_per_second": 146.853, "eval_steps_per_second": 18.357}