{"eval_loss": 1.898973822593689, "eval_accuracy": 0.574999988079071, "eval_runtime": 0.3917, "eval_samples_per_second": 102.122, "eval_steps_per_second": 12.765}