{"eval_loss": 0.8188654184341431, "eval_accuracy": 0.7749999761581421, "eval_runtime": 0.3922, "eval_samples_per_second": 101.994, "eval_steps_per_second": 12.749}