{"eval_loss": 1.345678687095642, "eval_accuracy": 0.644444465637207, "eval_runtime": 0.4004, "eval_samples_per_second": 112.393, "eval_steps_per_second": 14.986}