{"eval_loss": 1.3477848768234253, "eval_accuracy": 0.5806451439857483, "eval_runtime": 0.3592, "eval_samples_per_second": 86.303, "eval_steps_per_second": 11.136}