{"eval_loss": 0.7555060982704163, "eval_accuracy": 0.7179487347602844, "eval_runtime": 0.3811, "eval_samples_per_second": 102.335, "eval_steps_per_second": 13.12}