{"eval_loss": 0.13530053198337555, "eval_accuracy": 0.9571428298950195, "eval_runtime": 0.7482, "eval_samples_per_second": 187.121, "eval_steps_per_second": 24.058}