{"eval_loss": 0.8053915500640869, "eval_accuracy": 0.7317073345184326, "eval_runtime": 0.3977, "eval_samples_per_second": 103.099, "eval_steps_per_second": 15.088}