{"eval_loss": 0.7970079183578491, "eval_accuracy": 0.7124999761581421, "eval_runtime": 0.53, "eval_samples_per_second": 150.947, "eval_steps_per_second": 18.868}