{"eval_loss": 1.296666145324707, "eval_accuracy": 0.695652186870575, "eval_runtime": 0.4911, "eval_samples_per_second": 140.506, "eval_steps_per_second": 18.327}