{"eval_loss": 0.39093056321144104, "eval_accuracy": 0.8798008561134338, "eval_runtime": 35.1639, "eval_samples_per_second": 279.89, "eval_steps_per_second": 35.008}