{"eval_loss": 1.6898760795593262, "eval_accuracy": 0.5916666388511658, "eval_runtime": 0.6866, "eval_samples_per_second": 174.779, "eval_steps_per_second": 21.847}