{"eval_loss": 0.815231204032898, "eval_accuracy": 0.7666666507720947, "eval_runtime": 0.348, "eval_samples_per_second": 86.211, "eval_steps_per_second": 11.495}