{"eval_loss": 1.5139472484588623, "eval_accuracy": 0.6299999952316284, "eval_runtime": 0.6048, "eval_samples_per_second": 165.355, "eval_steps_per_second": 21.496}