{"eval_loss": 0.06554989516735077, "eval_accuracy": 0.9750000238418579, "eval_runtime": 0.5263, "eval_samples_per_second": 152.008, "eval_steps_per_second": 19.001}