{"eval_loss": 0.6143311858177185, "eval_accuracy": 0.800000011920929, "eval_runtime": 0.3487, "eval_samples_per_second": 86.026, "eval_steps_per_second": 11.47}