{"eval_loss": 1.511204481124878, "eval_accuracy": 0.6499999761581421, "eval_runtime": 0.5367, "eval_samples_per_second": 149.059, "eval_steps_per_second": 18.632}