{"eval_loss": 1.202867865562439, "eval_accuracy": 0.668749988079071, "eval_runtime": 0.8378, "eval_samples_per_second": 190.984, "eval_steps_per_second": 23.873}