{"eval_loss": 0.6366296410560608, "eval_accuracy": 0.8333333134651184, "eval_runtime": 0.3299, "eval_samples_per_second": 72.752, "eval_steps_per_second": 9.094}