{"eval_loss": 0.5015670657157898, "eval_accuracy": 0.8663889169692993, "eval_runtime": 35.3432, "eval_samples_per_second": 278.47, "eval_steps_per_second": 34.83}