{"eval_loss": 0.4347115457057953, "eval_accuracy": 0.8399999737739563, "eval_runtime": 0.6092, "eval_samples_per_second": 164.139, "eval_steps_per_second": 21.338}