{"eval_loss": 1.8602546453475952, "eval_accuracy": 0.6083333492279053, "eval_runtime": 0.6971, "eval_samples_per_second": 172.147, "eval_steps_per_second": 21.518}