{"eval_loss": 1.5139485597610474, "eval_accuracy": 0.6499999761581421, "eval_runtime": 0.5469, "eval_samples_per_second": 146.281, "eval_steps_per_second": 18.285}