{"eval_loss": 1.0018268823623657, "eval_accuracy": 0.7333333492279053, "eval_runtime": 0.4736, "eval_samples_per_second": 126.686, "eval_steps_per_second": 16.891}