{"eval_loss": 0.819787859916687, "eval_accuracy": 0.7666666507720947, "eval_runtime": 0.4653, "eval_samples_per_second": 128.962, "eval_steps_per_second": 17.195}