{"eval_loss": 1.299875020980835, "eval_accuracy": 0.675000011920929, "eval_runtime": 0.5535, "eval_samples_per_second": 144.531, "eval_steps_per_second": 18.066}