{"eval_loss": 1.3873640298843384, "eval_accuracy": 0.6499999761581421, "eval_runtime": 0.6681, "eval_samples_per_second": 179.618, "eval_steps_per_second": 22.452}