{"eval_loss": 0.06320509314537048, "eval_accuracy": 0.9833333492279053, "eval_runtime": 0.6743, "eval_samples_per_second": 177.953, "eval_steps_per_second": 22.244}