{"eval_loss": 0.7607372403144836, "eval_accuracy": 0.7323943376541138, "eval_runtime": 0.5057, "eval_samples_per_second": 140.399, "eval_steps_per_second": 17.797}