{"eval_loss": 0.9422351717948914, "eval_accuracy": 0.6764705777168274, "eval_runtime": 0.502, "eval_samples_per_second": 135.454, "eval_steps_per_second": 17.928}