{"eval_loss": 1.198190689086914, "eval_accuracy": 0.6555555462837219, "eval_runtime": 0.9107, "eval_samples_per_second": 197.648, "eval_steps_per_second": 25.255}