{"eval_loss": 1.3125537633895874, "eval_accuracy": 0.6499999761581421, "eval_runtime": 0.4596, "eval_samples_per_second": 130.557, "eval_steps_per_second": 17.408}