{"eval_loss": 1.2949187755584717, "eval_accuracy": 0.609375, "eval_runtime": 0.4698, "eval_samples_per_second": 136.231, "eval_steps_per_second": 17.029}