{"eval_loss": 1.0786564350128174, "eval_accuracy": 0.6785714030265808, "eval_runtime": 0.7725, "eval_samples_per_second": 181.232, "eval_steps_per_second": 23.301}