{"eval_loss": 0.47605353593826294, "eval_accuracy": 0.84820157289505, "eval_runtime": 35.1879, "eval_samples_per_second": 279.698, "eval_steps_per_second": 34.984}