{"eval_loss": 0.4054173231124878, "eval_accuracy": 0.8767526745796204, "eval_runtime": 35.1594, "eval_samples_per_second": 279.925, "eval_steps_per_second": 35.012}