{"eval_loss": 1.1122227907180786, "eval_accuracy": 0.6730769276618958, "eval_runtime": 0.4357, "eval_samples_per_second": 119.36, "eval_steps_per_second": 16.068}