{"eval_loss": 1.1450878381729126, "eval_accuracy": 0.6458333134651184, "eval_runtime": 0.4147, "eval_samples_per_second": 115.745, "eval_steps_per_second": 14.468}