{"eval_loss": 1.3401410579681396, "eval_accuracy": 0.6499999761581421, "eval_runtime": 0.3832, "eval_samples_per_second": 104.392, "eval_steps_per_second": 13.049}