{"eval_loss": 0.4566674828529358, "eval_accuracy": 0.8818329572677612, "eval_runtime": 35.3689, "eval_samples_per_second": 278.267, "eval_steps_per_second": 34.805}