{"eval_loss": 0.39584705233573914, "eval_accuracy": 0.8583333492279053, "eval_runtime": 0.6676, "eval_samples_per_second": 179.752, "eval_steps_per_second": 22.469}