{"eval_loss": 1.423492670059204, "eval_accuracy": 0.6818181872367859, "eval_runtime": 0.5515, "eval_samples_per_second": 159.563, "eval_steps_per_second": 19.945}