{"eval_loss": 0.9843076467514038, "eval_accuracy": 0.6521739363670349, "eval_runtime": 0.5012, "eval_samples_per_second": 137.677, "eval_steps_per_second": 17.958}