{"eval_loss": 0.1416894495487213, "eval_accuracy": 0.9750000238418579, "eval_runtime": 0.5309, "eval_samples_per_second": 150.68, "eval_steps_per_second": 18.835}