{"eval_loss": 1.3504602909088135, "eval_accuracy": 0.6363636255264282, "eval_runtime": 0.5173, "eval_samples_per_second": 148.857, "eval_steps_per_second": 19.332}