{"eval_loss": 0.4407137930393219, "eval_accuracy": 0.8500000238418579, "eval_runtime": 0.8112, "eval_samples_per_second": 197.234, "eval_steps_per_second": 24.654}