{"eval_loss": 1.5467636585235596, "eval_accuracy": 0.6333333253860474, "eval_runtime": 0.7116, "eval_samples_per_second": 168.644, "eval_steps_per_second": 21.081}