{"eval_loss": 1.0189329385757446, "eval_accuracy": 0.6710526347160339, "eval_runtime": 0.5183, "eval_samples_per_second": 146.625, "eval_steps_per_second": 19.293}