{"eval_loss": 1.701545238494873, "eval_accuracy": 0.6642857193946838, "eval_runtime": 0.7481, "eval_samples_per_second": 187.137, "eval_steps_per_second": 24.06}