{"eval_loss": 0.4204117953777313, "eval_accuracy": 0.8744157552719116, "eval_runtime": 35.189, "eval_samples_per_second": 279.69, "eval_steps_per_second": 34.983}