{"eval_loss": 0.2020837813615799, "eval_accuracy": 0.9333333373069763, "eval_runtime": 0.4667, "eval_samples_per_second": 128.564, "eval_steps_per_second": 17.142}