{"eval_loss": 0.7502024173736572, "eval_accuracy": 0.695652186870575, "eval_runtime": 0.3324, "eval_samples_per_second": 69.201, "eval_steps_per_second": 9.026}