{"eval_loss": 0.951156497001648, "eval_accuracy": 0.7457627058029175, "eval_runtime": 0.4806, "eval_samples_per_second": 122.754, "eval_steps_per_second": 16.645}