{"eval_loss": 1.0757039785385132, "eval_accuracy": 0.6964285969734192, "eval_runtime": 0.4451, "eval_samples_per_second": 125.827, "eval_steps_per_second": 15.728}