{"eval_loss": 0.1841963231563568, "eval_accuracy": 0.949999988079071, "eval_runtime": 0.3863, "eval_samples_per_second": 103.534, "eval_steps_per_second": 12.942}