{"eval_loss": 1.7114899158477783, "eval_accuracy": 0.6000000238418579, "eval_runtime": 0.3842, "eval_samples_per_second": 104.107, "eval_steps_per_second": 13.013}