{"eval_loss": 1.2736696004867554, "eval_accuracy": 0.6944444179534912, "eval_runtime": 0.9053, "eval_samples_per_second": 198.826, "eval_steps_per_second": 25.406}