{"eval_loss": 1.397855281829834, "eval_accuracy": 0.6499999761581421, "eval_runtime": 0.6698, "eval_samples_per_second": 179.159, "eval_steps_per_second": 22.395}