{"eval_loss": 0.11714016646146774, "eval_accuracy": 0.9666666388511658, "eval_runtime": 0.6661, "eval_samples_per_second": 180.163, "eval_steps_per_second": 22.52}