{"eval_loss": 1.0514917373657227, "eval_accuracy": 0.6700000166893005, "eval_runtime": 0.6228, "eval_samples_per_second": 160.556, "eval_steps_per_second": 20.872}