{"eval_loss": 1.2862930297851562, "eval_accuracy": 0.7250000238418579, "eval_runtime": 0.5567, "eval_samples_per_second": 143.715, "eval_steps_per_second": 17.964}