{"eval_loss": 1.1065984964370728, "eval_accuracy": 0.6833333373069763, "eval_runtime": 0.4806, "eval_samples_per_second": 124.839, "eval_steps_per_second": 16.645}