{"eval_loss": 1.165740966796875, "eval_accuracy": 0.6666666865348816, "eval_runtime": 0.522, "eval_samples_per_second": 149.429, "eval_steps_per_second": 19.158}