{"eval_loss": 0.5091075897216797, "eval_accuracy": 0.8333333134651184, "eval_runtime": 0.6763, "eval_samples_per_second": 177.433, "eval_steps_per_second": 22.179}