{"eval_loss": 1.3059797286987305, "eval_accuracy": 0.6571428775787354, "eval_runtime": 0.7728, "eval_samples_per_second": 181.166, "eval_steps_per_second": 23.293}