{"eval_loss": 0.37142717838287354, "eval_accuracy": 0.8813249468803406, "eval_runtime": 35.2259, "eval_samples_per_second": 279.397, "eval_steps_per_second": 34.946}