{"eval_loss": 0.3998076617717743, "eval_accuracy": 0.8999999761581421, "eval_runtime": 0.6298, "eval_samples_per_second": 158.786, "eval_steps_per_second": 20.642}