{"eval_loss": 0.36920997500419617, "eval_accuracy": 0.8720788359642029, "eval_runtime": 35.3661, "eval_samples_per_second": 278.289, "eval_steps_per_second": 34.807}