{"eval_loss": 1.2885785102844238, "eval_accuracy": 0.699999988079071, "eval_runtime": 0.3834, "eval_samples_per_second": 104.326, "eval_steps_per_second": 13.041}