{"eval_loss": 1.5682986974716187, "eval_accuracy": 0.6499999761581421, "eval_runtime": 0.4285, "eval_samples_per_second": 93.36, "eval_steps_per_second": 11.67}