{"eval_loss": 0.39459604024887085, "eval_accuracy": 0.8743141889572144, "eval_runtime": 35.2039, "eval_samples_per_second": 279.572, "eval_steps_per_second": 34.968}