{"eval_loss": 0.3895486891269684, "eval_accuracy": 0.8708595633506775, "eval_runtime": 35.2578, "eval_samples_per_second": 279.144, "eval_steps_per_second": 34.914}