{"eval_loss": 1.7098349332809448, "eval_accuracy": 0.6470588445663452, "eval_runtime": 0.3106, "eval_samples_per_second": 54.731, "eval_steps_per_second": 9.658}