{"eval_loss": 1.3776321411132812, "eval_accuracy": 0.6449999809265137, "eval_runtime": 0.9816, "eval_samples_per_second": 203.753, "eval_steps_per_second": 25.469}