{"eval_loss": 1.3851540088653564, "eval_accuracy": 0.6583333611488342, "eval_runtime": 0.6668, "eval_samples_per_second": 179.958, "eval_steps_per_second": 22.495}