{"eval_loss": 0.11712495982646942, "eval_accuracy": 0.9624999761581421, "eval_runtime": 0.5347, "eval_samples_per_second": 149.626, "eval_steps_per_second": 18.703}