{"eval_loss": 1.3752233982086182, "eval_accuracy": 0.6666666865348816, "eval_runtime": 0.6935, "eval_samples_per_second": 116.795, "eval_steps_per_second": 15.861}