{"eval_loss": 0.8303128480911255, "eval_accuracy": 0.7142857313156128, "eval_runtime": 0.3684, "eval_samples_per_second": 95.005, "eval_steps_per_second": 13.572}