{"eval_loss": 1.373923420906067, "eval_accuracy": 0.6666666865348816, "eval_runtime": 0.5683, "eval_samples_per_second": 158.366, "eval_steps_per_second": 21.115}