{"eval_loss": 1.409336805343628, "eval_accuracy": 0.6499999761581421, "eval_runtime": 0.6672, "eval_samples_per_second": 179.865, "eval_steps_per_second": 22.483}