{"eval_loss": 0.09094996750354767, "eval_accuracy": 0.981249988079071, "eval_runtime": 0.8133, "eval_samples_per_second": 196.727, "eval_steps_per_second": 24.591}