{"eval_loss": 0.9383289217948914, "eval_accuracy": 0.6842105388641357, "eval_runtime": 0.3118, "eval_samples_per_second": 60.935, "eval_steps_per_second": 9.621}