{"eval_loss": 1.3403873443603516, "eval_accuracy": 0.6666666865348816, "eval_runtime": 0.9111, "eval_samples_per_second": 197.572, "eval_steps_per_second": 25.245}