{"eval_loss": 0.87076336145401, "eval_accuracy": 0.7021276354789734, "eval_runtime": 0.4249, "eval_samples_per_second": 110.625, "eval_steps_per_second": 14.122}