{"eval_loss": 1.4409220218658447, "eval_accuracy": 0.6388888955116272, "eval_runtime": 0.8812, "eval_samples_per_second": 204.278, "eval_steps_per_second": 26.102}