{"eval_loss": 1.350321650505066, "eval_accuracy": 0.6499999761581421, "eval_runtime": 0.9157, "eval_samples_per_second": 196.579, "eval_steps_per_second": 25.118}