{"eval_loss": 1.2130529880523682, "eval_accuracy": 0.7250000238418579, "eval_runtime": 0.6694, "eval_samples_per_second": 179.264, "eval_steps_per_second": 22.408}