{"eval_loss": 0.3720501959323883, "eval_accuracy": 0.8811216950416565, "eval_runtime": 35.2878, "eval_samples_per_second": 278.907, "eval_steps_per_second": 34.885}