{"eval_loss": 1.6291279792785645, "eval_accuracy": 0.6538461446762085, "eval_runtime": 0.522, "eval_samples_per_second": 149.417, "eval_steps_per_second": 19.156}