{"eval_loss": 1.0659449100494385, "eval_accuracy": 0.6987951993942261, "eval_runtime": 0.5422, "eval_samples_per_second": 153.09, "eval_steps_per_second": 20.289}