{"eval_loss": 0.3970145881175995, "eval_accuracy": 0.873094916343689, "eval_runtime": 35.2842, "eval_samples_per_second": 278.935, "eval_steps_per_second": 34.888}