{"eval_loss": 1.0023449659347534, "eval_accuracy": 0.6800000071525574, "eval_runtime": 0.6068, "eval_samples_per_second": 164.788, "eval_steps_per_second": 21.422}