{"eval_loss": 0.41298776865005493, "eval_accuracy": 0.8666666746139526, "eval_runtime": 0.6696, "eval_samples_per_second": 179.207, "eval_steps_per_second": 22.401}