{"eval_loss": 1.227847695350647, "eval_accuracy": 0.7124999761581421, "eval_runtime": 0.846, "eval_samples_per_second": 189.129, "eval_steps_per_second": 23.641}