{"eval_loss": 0.7147811651229858, "eval_accuracy": 0.7833333611488342, "eval_runtime": 0.4729, "eval_samples_per_second": 126.867, "eval_steps_per_second": 16.916}