{"eval_loss": 0.40176981687545776, "eval_accuracy": 0.8772607445716858, "eval_runtime": 35.2751, "eval_samples_per_second": 279.007, "eval_steps_per_second": 34.897}