{"eval_loss": 0.13347722589969635, "eval_accuracy": 0.9624999761581421, "eval_runtime": 0.8101, "eval_samples_per_second": 197.516, "eval_steps_per_second": 24.69}