{"eval_loss": 1.435418725013733, "eval_accuracy": 0.6388888955116272, "eval_runtime": 0.901, "eval_samples_per_second": 199.788, "eval_steps_per_second": 25.529}