{"eval_loss": 1.4321739673614502, "eval_accuracy": 0.6277777552604675, "eval_runtime": 0.891, "eval_samples_per_second": 202.021, "eval_steps_per_second": 25.814}