{"eval_loss": 0.3858628571033478, "eval_accuracy": 0.8831538558006287, "eval_runtime": 35.345, "eval_samples_per_second": 278.455, "eval_steps_per_second": 34.828}