{"eval_loss": 0.5880998969078064, "eval_accuracy": 0.8399999737739563, "eval_runtime": 0.3387, "eval_samples_per_second": 73.807, "eval_steps_per_second": 11.809}