{"eval_loss": 0.4862021207809448, "eval_accuracy": 0.8708595633506775, "eval_runtime": 35.4465, "eval_samples_per_second": 277.658, "eval_steps_per_second": 34.728}