{"eval_loss": 1.325142502784729, "eval_accuracy": 0.6388888955116272, "eval_runtime": 0.5013, "eval_samples_per_second": 143.636, "eval_steps_per_second": 17.954}