{"eval_loss": 0.11142165958881378, "eval_accuracy": 0.9750000238418579, "eval_runtime": 0.3886, "eval_samples_per_second": 102.921, "eval_steps_per_second": 12.865}