{"eval_loss": 1.3433444499969482, "eval_accuracy": 0.65625, "eval_runtime": 0.845, "eval_samples_per_second": 189.359, "eval_steps_per_second": 23.67}