{"eval_loss": 0.7560634016990662, "eval_accuracy": 0.800000011920929, "eval_runtime": 0.3243, "eval_samples_per_second": 61.68, "eval_steps_per_second": 9.252}