{"eval_loss": 0.3524724245071411, "eval_accuracy": 0.8791912198066711, "eval_runtime": 35.2087, "eval_samples_per_second": 279.533, "eval_steps_per_second": 34.963}