{"eval_loss": 1.4675581455230713, "eval_accuracy": 0.675000011920929, "eval_runtime": 0.829, "eval_samples_per_second": 193.001, "eval_steps_per_second": 24.125}