{"eval_loss": 1.186057448387146, "eval_accuracy": 0.529411792755127, "eval_runtime": 0.3081, "eval_samples_per_second": 55.175, "eval_steps_per_second": 9.737}