{"eval_loss": 0.38378211855888367, "eval_accuracy": 0.8774639368057251, "eval_runtime": 35.3976, "eval_samples_per_second": 278.042, "eval_steps_per_second": 34.776}