{"eval_loss": 0.35777705907821655, "eval_accuracy": 0.8774639368057251, "eval_runtime": 35.3743, "eval_samples_per_second": 278.225, "eval_steps_per_second": 34.799}