{"eval_loss": 1.250774621963501, "eval_accuracy": 0.5862069129943848, "eval_runtime": 0.3557, "eval_samples_per_second": 81.534, "eval_steps_per_second": 11.246}