{"eval_loss": 1.3208390474319458, "eval_accuracy": 0.6590909361839294, "eval_runtime": 0.5634, "eval_samples_per_second": 156.196, "eval_steps_per_second": 19.525}