{"eval_loss": 1.0223489999771118, "eval_accuracy": 0.6764705777168274, "eval_runtime": 0.3745, "eval_samples_per_second": 90.778, "eval_steps_per_second": 13.35}