{"eval_loss": 0.160989910364151, "eval_accuracy": 0.949999988079071, "eval_runtime": 0.3833, "eval_samples_per_second": 104.345, "eval_steps_per_second": 13.043}