{"eval_loss": 1.4813719987869263, "eval_accuracy": 0.6153846383094788, "eval_runtime": 0.528, "eval_samples_per_second": 147.725, "eval_steps_per_second": 18.939}