{"eval_loss": 0.3656654953956604, "eval_accuracy": 0.8790895938873291, "eval_runtime": 35.2182, "eval_samples_per_second": 279.457, "eval_steps_per_second": 34.953}