{"eval_loss": 0.4828062653541565, "eval_accuracy": 0.8666666746139526, "eval_runtime": 0.461, "eval_samples_per_second": 130.151, "eval_steps_per_second": 17.353}