{"eval_loss": 1.4523770809173584, "eval_accuracy": 0.643750011920929, "eval_runtime": 0.8239, "eval_samples_per_second": 194.193, "eval_steps_per_second": 24.274}