{"eval_loss": 1.3474538326263428, "eval_accuracy": 0.6153846383094788, "eval_runtime": 0.3369, "eval_samples_per_second": 77.178, "eval_steps_per_second": 11.874}