{"eval_loss": 1.6200307607650757, "eval_accuracy": 0.6666666865348816, "eval_runtime": 0.9141, "eval_samples_per_second": 196.925, "eval_steps_per_second": 25.163}