{"eval_loss": 1.0417122840881348, "eval_accuracy": 0.695652186870575, "eval_runtime": 0.4924, "eval_samples_per_second": 140.116, "eval_steps_per_second": 18.276}