{"eval_loss": 0.5157334208488464, "eval_accuracy": 0.8709611892700195, "eval_runtime": 35.2341, "eval_samples_per_second": 279.332, "eval_steps_per_second": 34.938}