{"eval_loss": 1.3459924459457397, "eval_accuracy": 0.6470588445663452, "eval_runtime": 0.3063, "eval_samples_per_second": 55.498, "eval_steps_per_second": 9.794}