{"eval_loss": 1.4115453958511353, "eval_accuracy": 0.6666666865348816, "eval_runtime": 0.5259, "eval_samples_per_second": 148.312, "eval_steps_per_second": 19.014}