{"eval_loss": 0.4017208218574524, "eval_accuracy": 0.8742125630378723, "eval_runtime": 35.2381, "eval_samples_per_second": 279.3, "eval_steps_per_second": 34.934}