{"eval_loss": 1.190875768661499, "eval_accuracy": 0.6666666865348816, "eval_runtime": 0.4442, "eval_samples_per_second": 121.574, "eval_steps_per_second": 15.76}