{"eval_loss": 1.3752552270889282, "eval_accuracy": 0.6200000047683716, "eval_runtime": 0.6389, "eval_samples_per_second": 156.513, "eval_steps_per_second": 20.347}