{"eval_loss": 0.3787368834018707, "eval_accuracy": 0.8795976638793945, "eval_runtime": 35.2748, "eval_samples_per_second": 279.009, "eval_steps_per_second": 34.897}