{"eval_loss": 1.0942667722702026, "eval_accuracy": 0.7037037014961243, "eval_runtime": 0.5334, "eval_samples_per_second": 151.855, "eval_steps_per_second": 20.622}