{"eval_loss": 1.336484432220459, "eval_accuracy": 0.6571428775787354, "eval_runtime": 0.7709, "eval_samples_per_second": 181.595, "eval_steps_per_second": 23.348}