{"eval_loss": 1.3347398042678833, "eval_accuracy": 0.6888889074325562, "eval_runtime": 0.569, "eval_samples_per_second": 158.177, "eval_steps_per_second": 21.09}