{"eval_loss": 1.408890962600708, "eval_accuracy": 0.6000000238418579, "eval_runtime": 0.8837, "eval_samples_per_second": 158.428, "eval_steps_per_second": 20.369}