{"eval_loss": 1.1807067394256592, "eval_accuracy": 0.6666666865348816, "eval_runtime": 0.3872, "eval_samples_per_second": 100.724, "eval_steps_per_second": 12.913}