{"eval_loss": 1.2765253782272339, "eval_accuracy": 0.6853932738304138, "eval_runtime": 0.5606, "eval_samples_per_second": 158.771, "eval_steps_per_second": 21.407}