{"eval_loss": 0.9917333722114563, "eval_accuracy": 0.686274528503418, "eval_runtime": 0.4267, "eval_samples_per_second": 119.519, "eval_steps_per_second": 16.405}