{"eval_loss": 0.4385969340801239, "eval_accuracy": 0.8732981085777283, "eval_runtime": 35.294, "eval_samples_per_second": 278.858, "eval_steps_per_second": 34.878}