{"eval_loss": 1.2048248052597046, "eval_accuracy": 0.6630434989929199, "eval_runtime": 0.5704, "eval_samples_per_second": 161.288, "eval_steps_per_second": 21.038}