{"eval_loss": 1.1358418464660645, "eval_accuracy": 0.7333333492279053, "eval_runtime": 0.5029, "eval_samples_per_second": 119.298, "eval_steps_per_second": 15.906}