{"eval_loss": 0.7778152823448181, "eval_accuracy": 0.7307692170143127, "eval_runtime": 0.3375, "eval_samples_per_second": 77.046, "eval_steps_per_second": 11.853}