{"eval_loss": 0.5459187030792236, "eval_accuracy": 0.8333333134651184, "eval_runtime": 0.4787, "eval_samples_per_second": 125.337, "eval_steps_per_second": 16.712}