{"eval_loss": 1.7661411762237549, "eval_accuracy": 0.6000000238418579, "eval_runtime": 0.556, "eval_samples_per_second": 143.892, "eval_steps_per_second": 17.987}