{"eval_loss": 0.5291792154312134, "eval_accuracy": 0.8635439872741699, "eval_runtime": 35.4417, "eval_samples_per_second": 277.696, "eval_steps_per_second": 34.733}