{"eval_loss": 0.9516066312789917, "eval_accuracy": 0.6666666865348816, "eval_runtime": 0.3618, "eval_samples_per_second": 91.214, "eval_steps_per_second": 13.82}