{"eval_loss": 1.3991293907165527, "eval_accuracy": 0.6571428775787354, "eval_runtime": 0.7629, "eval_samples_per_second": 183.513, "eval_steps_per_second": 23.595}