{"eval_loss": 0.4677700996398926, "eval_accuracy": 0.8428571224212646, "eval_runtime": 0.7456, "eval_samples_per_second": 187.765, "eval_steps_per_second": 24.141}