{"eval_loss": 0.9651079773902893, "eval_accuracy": 0.6458333134651184, "eval_runtime": 0.4144, "eval_samples_per_second": 115.844, "eval_steps_per_second": 14.481}