{"eval_loss": 0.5131305456161499, "eval_accuracy": 0.864458441734314, "eval_runtime": 35.3769, "eval_samples_per_second": 278.204, "eval_steps_per_second": 34.797}