{"eval_loss": 0.3740741014480591, "eval_accuracy": 0.8790895938873291, "eval_runtime": 35.3243, "eval_samples_per_second": 278.618, "eval_steps_per_second": 34.849}