{"eval_loss": 1.2569187879562378, "eval_accuracy": 0.7058823704719543, "eval_runtime": 0.4895, "eval_samples_per_second": 138.911, "eval_steps_per_second": 18.385}