{"eval_loss": 0.363448828458786, "eval_accuracy": 0.8823409676551819, "eval_runtime": 35.2338, "eval_samples_per_second": 279.334, "eval_steps_per_second": 34.938}