{"eval_loss": 1.0887573957443237, "eval_accuracy": 0.699999988079071, "eval_runtime": 0.3214, "eval_samples_per_second": 62.228, "eval_steps_per_second": 9.334}