{"eval_loss": 0.19914793968200684, "eval_accuracy": 0.9333333373069763, "eval_runtime": 0.4607, "eval_samples_per_second": 130.237, "eval_steps_per_second": 17.365}