{"eval_loss": 1.1860934495925903, "eval_accuracy": 0.6341463327407837, "eval_runtime": 0.4026, "eval_samples_per_second": 101.849, "eval_steps_per_second": 14.905}