{"eval_loss": 0.9681134223937988, "eval_accuracy": 0.7124999761581421, "eval_runtime": 0.5321, "eval_samples_per_second": 150.356, "eval_steps_per_second": 18.794}