{"eval_loss": 0.9418933391571045, "eval_accuracy": 0.7222222089767456, "eval_runtime": 0.3835, "eval_samples_per_second": 93.884, "eval_steps_per_second": 13.039}