{"eval_loss": 0.3632333278656006, "eval_accuracy": 0.8744157552719116, "eval_runtime": 35.2969, "eval_samples_per_second": 278.835, "eval_steps_per_second": 34.876}