{"eval_loss": 1.2335376739501953, "eval_accuracy": 0.668749988079071, "eval_runtime": 0.8172, "eval_samples_per_second": 195.784, "eval_steps_per_second": 24.473}