{"eval_loss": 1.207057237625122, "eval_accuracy": 0.6739130616188049, "eval_runtime": 0.4066, "eval_samples_per_second": 113.129, "eval_steps_per_second": 14.756}