{"eval_loss": 0.9556258320808411, "eval_accuracy": 0.7333333492279053, "eval_runtime": 0.4584, "eval_samples_per_second": 130.877, "eval_steps_per_second": 17.45}