{"eval_loss": 0.3391001522541046, "eval_accuracy": 0.8799999952316284, "eval_runtime": 0.6057, "eval_samples_per_second": 165.102, "eval_steps_per_second": 21.463}