{"eval_loss": 1.4713523387908936, "eval_accuracy": 0.6393442749977112, "eval_runtime": 0.4623, "eval_samples_per_second": 131.949, "eval_steps_per_second": 17.305}