{"eval_loss": 1.3248225450515747, "eval_accuracy": 0.6611111164093018, "eval_runtime": 0.9049, "eval_samples_per_second": 198.928, "eval_steps_per_second": 25.419}