{"eval_loss": 0.48482924699783325, "eval_accuracy": 0.84375, "eval_runtime": 0.8354, "eval_samples_per_second": 191.514, "eval_steps_per_second": 23.939}