{"eval_loss": 0.8375251293182373, "eval_accuracy": 0.6969696879386902, "eval_runtime": 0.3743, "eval_samples_per_second": 88.168, "eval_steps_per_second": 13.359}