{"eval_loss": 0.47147810459136963, "eval_accuracy": 0.8781751394271851, "eval_runtime": 35.3498, "eval_samples_per_second": 278.417, "eval_steps_per_second": 34.823}